<keymap version="1" name="macOS copy" parent="Mac OS X 10.5+">
  <action id="$Delete">
    <keyboard-shortcut first-keystroke="delete" />
    <keyboard-shortcut first-keystroke="back_space" />
    <keyboard-shortcut first-keystroke="meta back_space" />
    <keyboard-shortcut first-keystroke="delete" second-keystroke="ctrl d" />
  </action>
  <action id="ActivateProjectToolWindow" />
  <action id="Annotate">
    <keyboard-shortcut first-keystroke="ctrl 9" />
  </action>
  <action id="Arrangement.Alias.Rule.Remove">
    <keyboard-shortcut first-keystroke="back_space" />
    <keyboard-shortcut first-keystroke="meta back_space" />
  </action>
  <action id="Arrangement.Rule.Remove">
    <keyboard-shortcut first-keystroke="back_space" />
    <keyboard-shortcut first-keystroke="meta back_space" />
  </action>
  <action id="DatabaseView.DropAction" />
  <action id="Debug">
    <keyboard-shortcut first-keystroke="ctrl 1" />
  </action>
  <action id="Diff.FocusOppositePane" />
  <action id="Diff.FocusOppositePaneAndScroll" />
  <action id="DomCollectionControl.Remove">
    <keyboard-shortcut first-keystroke="back_space" />
    <keyboard-shortcut first-keystroke="meta back_space" />
  </action>
  <action id="DomElementsTreeView.DeleteElement">
    <keyboard-shortcut first-keystroke="back_space" />
    <keyboard-shortcut first-keystroke="meta back_space" />
  </action>
  <action id="DuplicatesForm.SendToLeft" />
  <action id="Editor Delete">
    <keyboard-shortcut first-keystroke="delete" second-keystroke="ctrl d" />
  </action>
  <action id="EditorDelete">
    <keyboard-shortcut first-keystroke="delete" />
    <keyboard-shortcut first-keystroke="delete" second-keystroke="ctrl d" />
    <keyboard-shortcut first-keystroke="ctrl d" />
  </action>
  <action id="EditorToggleShowWhitespaces">
    <keyboard-shortcut first-keystroke="shift meta 2" />
  </action>
  <action id="EditorToggleStickySelection">
    <keyboard-shortcut first-keystroke="ctrl s" />
  </action>
  <action id="ExternalSystem.DetachProject">
    <keyboard-shortcut first-keystroke="back_space" />
    <keyboard-shortcut first-keystroke="meta back_space" />
  </action>
  <action id="FileChooser.Delete">
    <keyboard-shortcut first-keystroke="back_space" />
    <keyboard-shortcut first-keystroke="meta back_space" />
  </action>
  <action id="FileChooser.GotoHome" />
  <action id="GotoBookmark1" />
  <action id="GotoBookmark9" />
  <action id="GotoChangedFile" />
  <action id="GotoClass" />
  <action id="GotoLine">
    <keyboard-shortcut first-keystroke="meta l" />
    <keyboard-shortcut first-keystroke="ctrl g" second-keystroke="ctrl g" />
  </action>
  <action id="Graph.Delete">
    <keyboard-shortcut first-keystroke="back_space" />
    <keyboard-shortcut first-keystroke="meta back_space" />
  </action>
  <action id="NextSplitter">
    <keyboard-shortcut first-keystroke="alt tab" />
    <keyboard-shortcut first-keystroke="ctrl x" second-keystroke="o" />
  </action>
  <action id="NextTab">
    <keyboard-shortcut first-keystroke="shift meta close_bracket" />
    <keyboard-shortcut first-keystroke="ctrl tab" />
  </action>
  <action id="PrevSplitter">
    <keyboard-shortcut first-keystroke="shift alt tab" />
    <keyboard-shortcut first-keystroke="ctrl x" second-keystroke="p" />
  </action>
  <action id="PreviousTab">
    <keyboard-shortcut first-keystroke="shift meta open_bracket" />
    <keyboard-shortcut first-keystroke="shift ctrl tab" />
  </action>
  <action id="Resume">
    <keyboard-shortcut first-keystroke="meta alt r" />
    <keyboard-shortcut first-keystroke="f9" />
    <keyboard-shortcut first-keystroke="ctrl x" second-keystroke="r" />
  </action>
  <action id="RunDashboard.UngroupConfigurations">
    <keyboard-shortcut first-keystroke="back_space" />
    <keyboard-shortcut first-keystroke="meta back_space" />
  </action>
  <action id="SearchEverywhere">
    <keyboard-shortcut first-keystroke="meta 0" />
  </action>
  <action id="SelectInProjectView">
    <keyboard-shortcut first-keystroke="meta 1" />
  </action>
  <action id="SelectNextOccurrence" />
  <action id="ShowFilePath">
    <keyboard-shortcut first-keystroke="meta alt f12" />
    <keyboard-shortcut first-keystroke="meta o" />
  </action>
  <action id="SplitVertically">
    <keyboard-shortcut first-keystroke="ctrl x" second-keystroke="5" />
  </action>
  <action id="Stop">
    <keyboard-shortcut first-keystroke="meta f2" />
    <keyboard-shortcut first-keystroke="close_bracket" />
    <keyboard-shortcut first-keystroke="ctrl x" second-keystroke="close_bracket" />
  </action>
  <action id="Switcher" />
  <action id="UsageView.Exclude">
    <keyboard-shortcut first-keystroke="back_space" />
    <keyboard-shortcut first-keystroke="meta back_space" />
  </action>
  <action id="XDebugger.AttachToProcess">
    <keyboard-shortcut first-keystroke="shift alt f5" />
    <keyboard-shortcut first-keystroke="ctrl x" second-keystroke="open_bracket" />
  </action>
  <action id="XDebugger.RemoveWatch">
    <keyboard-shortcut first-keystroke="back_space" />
    <keyboard-shortcut first-keystroke="meta back_space" />
  </action>
  <action id="emacsIDEAs.AceJumpDelete.Block" />
  <action id="emacsIDEAs.AceJumpDelete.Group" />
  <action id="emacsIDEAs.AceJumpDelete.Line" />
  <action id="emacsIDEAs.AceJumpDelete.Paragraph" />
  <action id="emacsIDEAs.AceJumpDelete.Quote" />
  <action id="emacsIDEAs.AceJumpDelete.String" />
  <action id="emacsIDEAs.AceJumpDelete.ToLineEnd" />
  <action id="emacsIDEAs.AceJumpDelete.ToLineStart" />
  <action id="emacsIDEAs.AceJumpDelete.ToParagraphEnd" />
  <action id="emacsIDEAs.AceJumpDelete.ToParagraphStart" />
  <action id="emacsIDEAs.AceJumpDelete.Word" />
  <action id="hg4idea.QDelete">
    <keyboard-shortcut first-keystroke="back_space" />
    <keyboard-shortcut first-keystroke="meta back_space" />
  </action>
</keymap>